indexpage,n54ID
http://www.network54.com/Forum/95272/page-404,1014972593
http://www.network54.com/Forum/95272/page-404,1014978428
http://www.network54.com/Forum/95272/page-404,1014982213
http://www.network54.com/Forum/95272/page-404,1014982335
http://www.network54.com/Forum/95272/page-404,1014928414
http://www.network54.com/Forum/95272/page-404,1014978490
http://www.network54.com/Forum/95272/page-404,1014988039
http://www.network54.com/Forum/95272/page-404,1015084629
http://www.network54.com/Forum/95272/page-404,1015243182
http://www.network54.com/Forum/95272/page-404,1014918916
http://www.network54.com/Forum/95272/page-404,1014978653
http://www.network54.com/Forum/95272/page-404,1014856182
http://www.network54.com/Forum/95272/page-404,1014827358
http://www.network54.com/Forum/95272/page-404,1014828004
http://www.network54.com/Forum/95272/page-404,1014799915
http://www.network54.com/Forum/95272/page-404,1014828135
http://www.network54.com/Forum/95272/page-404,1014828196
http://www.network54.com/Forum/95272/page-404,1014828318
http://www.network54.com/Forum/95272/page-404,1014799498
http://www.network54.com/Forum/95272/page-404,1014828469
http://www.network54.com/Forum/95272/page-404,1014835848
http://www.network54.com/Forum/95272/page-404,1014881378
http://www.network54.com/Forum/95272/page-404,1014978739
http://www.network54.com/Forum/95272/page-404,1014799276
http://www.network54.com/Forum/95272/page-404,1014828935
http://www.network54.com/Forum/95272/page-404,1014836161
http://www.network54.com/Forum/95272/page-404,1014714119
http://www.network54.com/Forum/95272/page-404,1014729705
http://www.network54.com/Forum/95272/page-404,1014738631
http://www.network54.com/Forum/95272/page-404,1014627541
http://www.network54.com/Forum/95272/page-404,1014629252
http://www.network54.com/Forum/95272/page-404,1014660620
http://www.network54.com/Forum/95272/page-404,1014627372
http://www.network54.com/Forum/95272/page-404,1014629316
http://www.network54.com/Forum/95272/page-404,1014713662
http://www.network54.com/Forum/95272/page-404,1014631358
http://www.network54.com/Forum/95272/page-404,1014739266
http://www.network54.com/Forum/95272/page-404,1014627239
http://www.network54.com/Forum/95272/page-404,1014628455
http://www.network54.com/Forum/95272/page-404,1014629443
http://www.network54.com/Forum/95272/page-404,1014660706
http://www.network54.com/Forum/95272/page-404,1014580851
http://www.network54.com/Forum/95272/page-404,1014661277
http://www.network54.com/Forum/95272/page-404,1014578447
http://www.network54.com/Forum/95272/page-404,1014580371
http://www.network54.com/Forum/95272/page-404,1014626924
http://www.network54.com/Forum/95272/page-404,1014639920
http://www.network54.com/Forum/95272/page-404,1014655619
http://www.network54.com/Forum/95272/page-404,1014660873
http://www.network54.com/Forum/95272/page-404,1014739631
http://www.network54.com/Forum/95272/page-404,1014463901
http://www.network54.com/Forum/95272/page-404,1014471641
http://www.network54.com/Forum/95272/page-404,1014577063
http://www.network54.com/Forum/95272/page-404,1014629505
http://www.network54.com/Forum/95272/page-404,1014627062
http://www.network54.com/Forum/95272/page-404,1014660542
http://www.network54.com/Forum/95272/page-404,1014799758
http://www.network54.com/Forum/95272/page-404,1014395649
http://www.network54.com/Forum/95272/page-404,1014455807
http://www.network54.com/Forum/95272/page-404,1014661133
http://www.network54.com/Forum/95272/page-404,1014340738
http://www.network54.com/Forum/95272/page-404,1014378664
http://www.network54.com/Forum/95272/page-404,1014399424
http://www.network54.com/Forum/95272/page-404,1014578264
http://www.network54.com/Forum/95272/page-404,1014311118
http://www.network54.com/Forum/95272/page-404,1014471878
http://www.network54.com/Forum/95272/page-404,1014306023
http://www.network54.com/Forum/95272/page-404,1014455986
http://www.network54.com/Forum/95272/page-404,1014284923
http://www.network54.com/Forum/95272/page-404,1014288069
http://www.network54.com/Forum/95272/page-403,1015525068
http://www.network54.com/Forum/95272/page-403,1015532300
http://www.network54.com/Forum/95272/page-403,1015598042
http://www.network54.com/Forum/95272/page-403,1015628705
http://www.network54.com/Forum/95272/page-403,1015677975
http://www.network54.com/Forum/95272/page-403,1015453574
http://www.network54.com/Forum/95272/page-403,1015449697
http://www.network54.com/Forum/95272/page-403,1015444653
http://www.network54.com/Forum/95272/page-403,1015448316
http://www.network54.com/Forum/95272/page-403,1015463499
http://www.network54.com/Forum/95272/page-403,1015500682
http://www.network54.com/Forum/95272/page-403,1015509579
http://www.network54.com/Forum/95272/page-403,1015525719
http://www.network54.com/Forum/95272/page-403,1015608817
http://www.network54.com/Forum/95272/page-403,1015609955
http://www.network54.com/Forum/95272/page-403,1015415994
http://www.network54.com/Forum/95272/page-403,1015412571
http://www.network54.com/Forum/95272/page-403,1015415734
http://www.network54.com/Forum/95272/page-403,1015463297
http://www.network54.com/Forum/95272/page-403,1015486517
http://www.network54.com/Forum/95272/page-403,1015521717
http://www.network54.com/Forum/95272/page-403,1015524397
http://www.network54.com/Forum/95272/page-403,1015570398
http://www.network54.com/Forum/95272/page-403,1015597980
http://www.network54.com/Forum/95272/page-403,1015410939
http://www.network54.com/Forum/95272/page-403,1015331733
http://www.network54.com/Forum/95272/page-403,1015253036
http://www.network54.com/Forum/95272/page-403,1015260588
http://www.network54.com/Forum/95272/page-403,1015441381
http://www.network54.com/Forum/95272/page-403,1015441907
http://www.network54.com/Forum/95272/page-403,1015441974
http://www.network54.com/Forum/95272/page-403,1015249960
http://www.network54.com/Forum/95272/page-403,1015261409
http://www.network54.com/Forum/95272/page-403,1015329255
http://www.network54.com/Forum/95272/page-403,1015365021
http://www.network54.com/Forum/95272/page-403,1015249849
http://www.network54.com/Forum/95272/page-403,1015254099
http://www.network54.com/Forum/95272/page-403,1015278270
http://www.network54.com/Forum/95272/page-403,1015329441
http://www.network54.com/Forum/95272/page-403,1015364945
http://www.network54.com/Forum/95272/page-403,1015249757
http://www.network54.com/Forum/95272/page-403,1015254728
http://www.network54.com/Forum/95272/page-403,1015256315
http://www.network54.com/Forum/95272/page-403,1015261800
http://www.network54.com/Forum/95272/page-403,1015261902
http://www.network54.com/Forum/95272/page-403,1015330144
http://www.network54.com/Forum/95272/page-403,1015346566
http://www.network54.com/Forum/95272/page-403,1015365192
http://www.network54.com/Forum/95272/page-403,1015365267
http://www.network54.com/Forum/95272/page-403,1015249693
http://www.network54.com/Forum/95272/page-403,1015254936
http://www.network54.com/Forum/95272/page-403,1015256031
http://www.network54.com/Forum/95272/page-403,1015262039
http://www.network54.com/Forum/95272/page-403,1015263925
http://www.network54.com/Forum/95272/page-403,1015330300
http://www.network54.com/Forum/95272/page-403,1015365336
http://www.network54.com/Forum/95272/page-403,1015249607
http://www.network54.com/Forum/95272/page-403,1015252545
http://www.network54.com/Forum/95272/page-403,1015255933
http://www.network54.com/Forum/95272/page-403,1015262254
http://www.network54.com/Forum/95272/page-403,1015264092
http://www.network54.com/Forum/95272/page-403,1015330428
http://www.network54.com/Forum/95272/page-403,1015347486
http://www.network54.com/Forum/95272/page-403,1015248755
http://www.network54.com/Forum/95272/page-403,1015264176
http://www.network54.com/Forum/95272/page-403,1015278018
http://www.network54.com/Forum/95272/page-403,1015331479
http://www.network54.com/Forum/95272/page-403,1015243935
http://www.network54.com/Forum/95272/page-403,1015243825
http://www.network54.com/Forum/95272/page-403,1015262540
http://www.network54.com/Forum/95272/page-403,1015277298
http://www.network54.com/Forum/95272/page-403,1015243315
http://www.network54.com/Forum/95272/page-403,1015244027
http://www.network54.com/Forum/95272/page-403,1015331635
http://www.network54.com/Forum/95272/page-403,1014988759
http://www.network54.com/Forum/95272/page-403,1015173786
http://www.network54.com/Forum/95272/page-403,1015255752
http://www.network54.com/Forum/95272/page-403,1015262862
http://www.network54.com/Forum/95272/page-403,1014988140
http://www.network54.com/Forum/95272/page-402,1016115351
http://www.network54.com/Forum/95272/page-402,1016116048
http://www.network54.com/Forum/95272/page-402,1016118079
http://www.network54.com/Forum/95272/page-402,1016123444
http://www.network54.com/Forum/95272/page-402,1016125769
http://www.network54.com/Forum/95272/page-402,1016193084
http://www.network54.com/Forum/95272/page-402,1016273288
http://www.network54.com/Forum/95272/page-402,1016093982
http://www.network54.com/Forum/95272/page-402,1016106919
http://www.network54.com/Forum/95272/page-402,1016060967
http://www.network54.com/Forum/95272/page-402,1016106045
http://www.network54.com/Forum/95272/page-402,1016552936
http://www.network54.com/Forum/95272/page-402,1015999281
http://www.network54.com/Forum/95272/page-402,1016004623
http://www.network54.com/Forum/95272/page-402,1016011440
http://www.network54.com/Forum/95272/page-402,1016052343
http://www.network54.com/Forum/95272/page-402,1016055058
http://www.network54.com/Forum/95272/page-402,1015947687
http://www.network54.com/Forum/95272/page-402,1015951421
http://www.network54.com/Forum/95272/page-402,1016190946
http://www.network54.com/Forum/95272/page-402,1016285892
http://www.network54.com/Forum/95272/page-402,1016287799
http://www.network54.com/Forum/95272/page-402,1016288045
http://www.network54.com/Forum/95272/page-402,1016287782
http://www.network54.com/Forum/95272/page-402,1016302878
http://www.network54.com/Forum/95272/page-402,1015940668
http://www.network54.com/Forum/95272/page-402,1015942772
http://www.network54.com/Forum/95272/page-402,1015943558
http://www.network54.com/Forum/95272/page-402,1015947086
http://www.network54.com/Forum/95272/page-402,1015856384
http://www.network54.com/Forum/95272/page-402,1015935885
http://www.network54.com/Forum/95272/page-402,1015938394
http://www.network54.com/Forum/95272/page-402,1015794375
http://www.network54.com/Forum/95272/page-402,1015802187
http://www.network54.com/Forum/95272/page-402,1015832371
http://www.network54.com/Forum/95272/page-402,1015861044
http://www.network54.com/Forum/95272/page-402,1015853056
http://www.network54.com/Forum/95272/page-402,1015778655
http://www.network54.com/Forum/95272/page-402,1015778393
http://www.network54.com/Forum/95272/page-402,1015794193
http://www.network54.com/Forum/95272/page-402,1015795150
http://www.network54.com/Forum/95272/page-402,1015802108
http://www.network54.com/Forum/95272/page-402,1015806627
http://www.network54.com/Forum/95272/page-402,1015832638
http://www.network54.com/Forum/95272/page-402,1016123106
http://www.network54.com/Forum/95272/page-402,1015681255
http://www.network54.com/Forum/95272/page-402,1015678701
http://www.network54.com/Forum/95272/page-402,1015678333
http://www.network54.com/Forum/95272/page-402,1015684498
http://www.network54.com/Forum/95272/page-402,1015713853
http://www.network54.com/Forum/95272/page-402,1015678234
http://www.network54.com/Forum/95272/page-402,1015678104
http://www.network54.com/Forum/95272/page-402,1015677885
http://www.network54.com/Forum/95272/page-402,1015682974
http://www.network54.com/Forum/95272/page-402,1015583353
http://www.network54.com/Forum/95272/page-402,1015598284
http://www.network54.com/Forum/95272/page-402,1015608562
http://www.network54.com/Forum/95272/page-402,1015609823
http://www.network54.com/Forum/95272/page-402,1015582254
http://www.network54.com/Forum/95272/page-402,1015598205
http://www.network54.com/Forum/95272/page-402,1015581354
http://www.network54.com/Forum/95272/page-402,1015580604
http://www.network54.com/Forum/95272/page-402,1015598114
http://www.network54.com/Forum/95272/page-401,1017131182
http://www.network54.com/Forum/95272/page-401,1017134709
http://www.network54.com/Forum/95272/page-401,1017089615
http://www.network54.com/Forum/95272/page-401,1017095050
http://www.network54.com/Forum/95272/page-401,1017134871
http://www.network54.com/Forum/95272/page-401,1017156587
http://www.network54.com/Forum/95272/page-401,1017158027
http://www.network54.com/Forum/95272/page-401,1017161620
http://www.network54.com/Forum/95272/page-401,1017166078
http://www.network54.com/Forum/95272/page-401,1017085257
http://www.network54.com/Forum/95272/page-401,1017166431
http://www.network54.com/Forum/95272/page-401,1017051120
http://www.network54.com/Forum/95272/page-401,1017058308
http://www.network54.com/Forum/95272/page-401,1017060544
http://www.network54.com/Forum/95272/page-401,1017061189
http://www.network54.com/Forum/95272/page-401,1017064430
http://www.network54.com/Forum/95272/page-401,1017077881
http://www.network54.com/Forum/95272/page-401,1017078136
http://www.network54.com/Forum/95272/page-401,1017079113
http://www.network54.com/Forum/95272/page-401,1017082506
http://www.network54.com/Forum/95272/page-401,1017094982
http://www.network54.com/Forum/95272/page-401,1017095324
http://www.network54.com/Forum/95272/page-401,1017135508
http://www.network54.com/Forum/95272/page-401,1017161845
http://www.network54.com/Forum/95272/page-401,1016984668
http://www.network54.com/Forum/95272/page-401,1016810256
http://www.network54.com/Forum/95272/page-401,1016875229
http://www.network54.com/Forum/95272/page-401,1017131394
http://www.network54.com/Forum/95272/page-401,1017135607
http://www.network54.com/Forum/95272/page-401,1017151965
http://www.network54.com/Forum/95272/page-401,1016796501
http://www.network54.com/Forum/95272/page-401,1016726304
http://www.network54.com/Forum/95272/page-401,1016733105
http://www.network54.com/Forum/95272/page-401,1016768388
http://www.network54.com/Forum/95272/page-401,1016814960
http://www.network54.com/Forum/95272/page-401,1017002564
http://www.network54.com/Forum/95272/page-401,1016705182
http://www.network54.com/Forum/95272/page-401,1016711017
http://www.network54.com/Forum/95272/page-401,1016722709
http://www.network54.com/Forum/95272/page-401,1017002709
http://www.network54.com/Forum/95272/page-401,1016627401
http://www.network54.com/Forum/95272/page-401,1016630530
http://www.network54.com/Forum/95272/page-401,1016633703
http://www.network54.com/Forum/95272/page-401,1016642735
http://www.network54.com/Forum/95272/page-401,1016568586
http://www.network54.com/Forum/95272/page-401,1016555945
http://www.network54.com/Forum/95272/page-401,1016553623
http://www.network54.com/Forum/95272/page-401,1016610154
http://www.network54.com/Forum/95272/page-401,1016620821
http://www.network54.com/Forum/95272/page-401,1016630999
http://www.network54.com/Forum/95272/page-401,1016642413
http://www.network54.com/Forum/95272/page-401,1016630632
http://www.network54.com/Forum/95272/page-401,1016633621
http://www.network54.com/Forum/95272/page-401,1016642535
http://www.network54.com/Forum/95272/page-401,1016650168
http://www.network54.com/Forum/95272/page-401,1016552665
http://www.network54.com/Forum/95272/page-401,1016553015
http://www.network54.com/Forum/95272/page-401,1016556059
http://www.network54.com/Forum/95272/page-401,1016545171
http://www.network54.com/Forum/95272/page-401,1016545571
http://www.network54.com/Forum/95272/page-401,1016529473
http://www.network54.com/Forum/95272/page-401,1016540596
http://www.network54.com/Forum/95272/page-401,1016543109
http://www.network54.com/Forum/95272/page-401,1016545331
http://www.network54.com/Forum/95272/page-401,1016465234
http://www.network54.com/Forum/95272/page-401,1016480017
http://www.network54.com/Forum/95272/page-401,1016451437
http://www.network54.com/Forum/95272/page-401,1016451661
http://www.network54.com/Forum/95272/page-401,1016454963
http://www.network54.com/Forum/95272/page-401,1016543653
http://www.network54.com/Forum/95272/page-401,1016545549
http://www.network54.com/Forum/95272/page-401,1016545651
http://www.network54.com/Forum/95272/page-401,1016546210
http://www.network54.com/Forum/95272/page-401,1016546564
http://www.network54.com/Forum/95272/page-401,1016554223
http://www.network54.com/Forum/95272/page-401,1016547987
http://www.network54.com/Forum/95272/page-401,1016552317
http://www.network54.com/Forum/95272/page-401,1016451376
http://www.network54.com/Forum/95272/page-401,1016378201
http://www.network54.com/Forum/95272/page-400,1018006448
http://www.network54.com/Forum/95272/page-400,1018190661
http://www.network54.com/Forum/95272/page-400,1017928434
http://www.network54.com/Forum/95272/page-400,1017919833
http://www.network54.com/Forum/95272/page-400,1017928637
http://www.network54.com/Forum/95272/page-400,1017929991
http://www.network54.com/Forum/95272/page-400,1017932229
http://www.network54.com/Forum/95272/page-400,1017989006
http://www.network54.com/Forum/95272/page-400,1018004723
http://www.network54.com/Forum/95272/page-400,1018190562
http://www.network54.com/Forum/95272/page-400,1018190690
http://www.network54.com/Forum/95272/page-400,1018247575
http://www.network54.com/Forum/95272/page-400,1018262269
http://www.network54.com/Forum/95272/page-400,1018268675
http://www.network54.com/Forum/95272/page-400,1017834769
http://www.network54.com/Forum/95272/page-400,1017830888
http://www.network54.com/Forum/95272/page-400,1017834834
http://www.network54.com/Forum/95272/page-400,1017838580
http://www.network54.com/Forum/95272/page-400,1017840680
http://www.network54.com/Forum/95272/page-400,1017846017
http://www.network54.com/Forum/95272/page-400,1018006149
http://www.network54.com/Forum/95272/page-400,1017826672
http://www.network54.com/Forum/95272/page-400,1017833254
http://www.network54.com/Forum/95272/page-400,1017834490
http://www.network54.com/Forum/95272/page-400,1017838568
http://www.network54.com/Forum/95272/page-400,1017845953
http://www.network54.com/Forum/95272/page-400,1017774545
http://www.network54.com/Forum/95272/page-400,1017790986
http://www.network54.com/Forum/95272/page-400,1017825963
http://www.network54.com/Forum/95272/page-400,1017826726
http://www.network54.com/Forum/95272/page-400,1017834652
http://www.network54.com/Forum/95272/page-400,1017838398
http://www.network54.com/Forum/95272/page-400,1017747708
http://www.network54.com/Forum/95272/page-400,1017754461
http://www.network54.com/Forum/95272/page-400,1017755085
http://www.network54.com/Forum/95272/page-400,1017736701
http://www.network54.com/Forum/95272/page-400,1017737774
http://www.network54.com/Forum/95272/page-400,1017745227
http://www.network54.com/Forum/95272/page-400,1017747610
http://www.network54.com/Forum/95272/page-400,1017748723
http://www.network54.com/Forum/95272/page-400,1017754156
http://www.network54.com/Forum/95272/page-400,1017697360
http://www.network54.com/Forum/95272/page-400,1017702584
http://www.network54.com/Forum/95272/page-400,1017754276
http://www.network54.com/Forum/95272/page-400,1017755146
http://www.network54.com/Forum/95272/page-400,1017485858
http://www.network54.com/Forum/95272/page-400,1017414685
http://www.network54.com/Forum/95272/page-400,1017322529
http://www.network54.com/Forum/95272/page-400,1017327758
http://www.network54.com/Forum/95272/page-400,1017333402
http://www.network54.com/Forum/95272/page-400,1017343557
http://www.network54.com/Forum/95272/page-400,1017274794
http://www.network54.com/Forum/95272/page-400,1017319429
http://www.network54.com/Forum/95272/page-400,1017335748
http://www.network54.com/Forum/95272/page-400,1017235073
http://www.network54.com/Forum/95272/page-400,1017239193
http://www.network54.com/Forum/95272/page-400,1017224942
http://www.network54.com/Forum/95272/page-400,1017321889
http://www.network54.com/Forum/95272/page-400,1017194305
http://www.network54.com/Forum/95272/page-400,1017225004
http://www.network54.com/Forum/95272/page-400,1017335919
http://www.network54.com/Forum/95272/page-400,1017167574
http://www.network54.com/Forum/95272/page-400,1017189516
http://www.network54.com/Forum/95272/page-400,1117201781
http://www.network54.com/Forum/95272/page-400,1017131629
http://www.network54.com/Forum/95272/page-400,1017135739
http://www.network54.com/Forum/95272/page-400,1017151539
http://www.network54.com/Forum/95272/page-400,1017131320
http://www.network54.com/Forum/95272/page-400,1017134560
http://www.network54.com/Forum/95272/page-400,1017151630
http://www.network54.com/Forum/95272/page-400,1017156782
http://www.network54.com/Forum/95272/page-400,1017159102
